Tiempo,Carga,Extensión de tracción
(s),(N),(mm)
0,-0.00466,-0.00006
0.1,78.85341,0.00041
0.2,286.87579,0.00162
0.3,443.49634,0.00261
0.4,594.50763,0.00342
0.5,734.87482,0.00421
0.6,873.13513,0.00522
0.7,989.77057,0.0058
0.8,1101.40576,0.00649
0.9,1206.15894,0.00703
1,1303.4823,0.0076
1.1,1392.27173,0.00806
1.2,1466.54382,0.00858
1.3,1532.73584,0.00884
1.4,1592.48621,0.00918
1.5,1646.2417,0.00947
1.6,1699.48804,0.00981
1.7,1751.79565,0.01012
1.8,1803.74707,0.01032
1.9,1854.42163,0.0106
2,1903.96692,0.01091
2.1,1953.61304,0.0112
2.2,2002.96082,0.01147
2.3,2052.51709,0.01178
2.4,2100.65381,0.01196
2.5,2148.2063,0.01232
2.6,2195.15186,0.01256
2.7,2242.75952,0.01284
2.8,2290.54639,0.01318
2.9,2337.32666,0.01341
3,2382.96851,0.01366
3.1,2427.93433,0.01394
3.2,2474.09326,0.01426
3.3,2521.30542,0.01458
3.4,2567.31079,0.01478
3.5,2612.55542,0.01506
3.6,2656.90161,0.01539
3.7,2701.52979,0.0157
3.8,2747.88477,0.01601
3.9,2793.37695,0.01624
4,2839.24072,0.01648
4.1,2883.20557,0.01675
4.2,2927.58228,0.01701
4.3,2971.97095,0.01733
4.4,3017.49512,0.0175
4.5,3062.99463,0.01785
4.6,3107.59229,0.01817
4.7,3150.91455,0.01838
4.8,3195.92993,0.01859
4.9,3239.89307,0.01899
5,3285.45581,0.01918
5.1,3329.44458,0.01955
5.2,3372.16138,0.01983
5.3,3415.13208,0.02004
5.4,3457.85596,0.02036
5.5,3502.35986,0.02064
5.6,3545.36133,0.02085
5.7,3587.14844,0.02109
5.8,3628.39526,0.02139
5.9,3669.13867,0.02155
6,3708.44922,0.02182
6.1,3747.92603,0.022
6.2,3784.56104,0.02224
6.3,3818.67627,0.02243
6.4,3849.53101,0.02265
6.5,3880.04834,0.02279
6.6,3910.55713,0.02295
6.7,3940.68579,0.02315
6.8,3969.83472,0.0233
6.9,3998.27295,0.02352
7,4028.49609,0.02361
7.1,4058.36548,0.02379
7.2,4088.90381,0.02391
7.3,4118.12793,0.02411
7.4,4147.11768,0.02425
7.5,4175.78955,0.02444
7.6,4205.52637,0.0246
7.7,4236.6875,0.0248
7.8,4267.14502,0.02488
7.9,4295.88965,0.0251
8,4325.48828,0.02524
8.1,4354.47314,0.02537
8.2,4385.61035,0.02554
8.3,4416.52734,0.02574
8.4,4445.78223,0.02586
8.5,4474.52588,0.02609
8.6,4503.57568,0.02625
8.7,4534.29541,0.02639
8.8,4564.396,0.02657
8.9,4594.1665,0.02675
9,4623.81152,0.02695
9.1,4652.59619,0.02714
9.2,4682.64551,0.0273
9.3,4713.26367,0.02737
9.4,4743.83594,0.0276
9.5,4773.5835,0.02776
9.6,4802.76465,0.02793
9.7,4831.98633,0.02802
9.8,4861.95459,0.02817
9.9,4892.70947,0.02834
10,4922.84277,0.02856
10.1,4951.96826,0.02871
10.2,4980.8374,0.02884
10.3,5011.19775,0.02908
10.4,5041.53809,0.02924
10.5,5072.48389,0.02938
10.6,5102.35156,0.02952
10.7,5130.82617,0.02972
10.8,5160.74072,0.02989
10.9,5191.53076,0.02998
11,5222.91992,0.03022
11.1,5253.13867,0.03038
11.2,5281.55518,0.03051
11.3,5311.21436,0.03066
11.4,5341.10645,0.03082
11.5,5372.70215,0.03104
11.6,5403.08691,0.03119
11.7,5432.24756,0.03135
11.8,5460.98193,0.03149
11.9,5490.39307,0.03173
12,5521.33105,0.03178
12.1,5551.90967,0.03187
12.2,5582.38623,0.03219
12.3,5611.64551,0.03227
12.4,5640.32861,0.03241
12.5,5670.51221,0.03265
12.6,5701.03516,0.03276
12.7,5731.75732,0.03295
12.8,5761.34375,0.03307
12.9,5789.52832,0.03323
13,5819.68701,0.03337
13.1,5849.55127,0.03354
13.2,5881.11914,0.0337
13.3,5910.26318,0.03384
13.4,5938.52051,0.03402
13.5,5968.55957,0.03412
13.6,5998.27783,0.03435
13.7,6029.19141,0.03453
13.8,6059.4458,0.03461
13.9,6087.40723,0.0348
14,6116.3916,0.03495
14.1,6146.52539,0.03512
14.2,6177.85352,0.03533
14.3,6208.26514,0.03552
14.4,6237.30713,0.03563
14.5,6266.14062,0.03574
14.6,6295.15625,0.036
14.7,6325.13867,0.03617
14.8,6356.11621,0.03628
14.9,6386.82178,0.03654
15,6414.68359,0.03676
15.1,6443.74609,0.03688
15.2,6472.89404,0.03705
15.3,6504.47949,0.03727
15.4,6536.25781,0.03744
15.5,6564.95166,0.03764
15.6,6592.70996,0.0378
15.7,6622.60107,0.03804
15.8,6653.125,0.03811
15.9,6683.56543,0.03831
16,6713.83594,0.03842
16.1,6741.70703,0.03865
16.2,6770.54248,0.03882
16.3,6800.82617,0.03905
16.4,6831.75439,0.03925
16.5,6861.27197,0.03932
16.6,6890.08398,0.03961
16.7,6918.70947,0.03972
16.8,6948.5,0.03989
16.9,6978.63623,0.04011
17,7009.81982,0.04037
17.1,7039.0376,0.04048
17.2,7067.15088,0.04069
17.3,7096.77393,0.04089
17.4,7126.10303,0.04109
17.5,7156.49756,0.04131
17.6,7186.46338,0.04145
17.7,7215.81494,0.04171
17.8,7243.82227,0.04185
17.9,7273.28467,0.042
18,7303.96387,0.04219
18.1,7335.16016,0.04247
18.2,7363.71338,0.04268
18.3,7392.55078,0.04291
18.4,7421.05322,0.04306
18.5,7451.71777,0.04332
18.6,7482.46387,0.04347
18.7,7511.68652,0.04363
18.8,7540.22705,0.04386
18.9,7567.82227,0.04409
19,7597.64404,0.04431
19.1,7628.35693,0.04452
19.2,7658.56348,0.04474
19.3,7687.6001,0.04497
19.4,7715.00146,0.04515
19.5,7743.63477,0.04538
19.6,7775.19287,0.04569
19.7,7804.8374,0.04589
19.8,7834.29248,0.04615
19.9,7863.21387,0.04643
20,7891.01758,0.04669
20.1,7921.16846,0.04688
20.2,7951.10205,0.04722
20.3,7981.07227,0.04743
20.4,8009.81543,0.0477
20.5,8037.64453,0.04803
20.6,8067.15674,0.04833
20.7,8096.74609,0.04865
20.8,8126.67334,0.04886
20.9,8155.8501,0.04915
21,8183.55225,0.04946
21.1,8211.55566,0.04979
21.2,8241.49902,0.05011
21.3,8271.94531,0.05044
21.4,8300.58105,0.05077
21.5,8328.32227,0.05111
21.6,8355.97949,0.05147
21.7,8384.3623,0.05187
21.8,8414.36426,0.05223
21.9,8444.03418,0.05263
22,8471.51953,0.05304
22.1,8498.66211,0.05338
22.2,8526.99219,0.05384
22.3,8555.03516,0.0542
22.4,8584.39355,0.05463
22.5,8613.41895,0.05508
22.6,8641.11523,0.05558
22.7,8667.55371,0.056
22.8,8695.97656,0.05647
22.9,8724.06348,0.05701
23,8753.06641,0.05748
23.1,8780.41016,0.05807
23.2,8806.09082,0.05856
23.3,8832.53906,0.05923
23.4,8859.60352,0.05984
23.5,8887.47754,0.06039
23.6,8914.31641,0.0612
23.7,8939.51953,0.06178
23.8,8964.58887,0.06256
23.9,8990.40918,0.06331
24,9016.87012,0.06407
24.1,9043.08984,0.06497
24.2,9066.94238,0.06581
24.3,9090.76367,0.06669
24.4,9114.97852,0.06775
24.5,9140.23828,0.06879
24.6,9164.56445,0.06987
24.7,9188.01367,0.07093
24.8,9210.42188,0.0721
24.9,9231.52148,0.07323
25,9254.11328,0.07459
25.1,9276.45605,0.07584
25.2,9297.98438,0.07723
25.3,9318.63379,0.07862
25.4,9338.95215,0.08009
25.5,9358.47461,0.08161
25.6,9378.87891,0.08307
25.7,9399.31836,0.08471
25.8,9418.93848,0.08644
25.9,9436.69043,0.08816
26,9454.04688,0.09006
26.1,9472.40527,0.09173
26.2,9491.11719,0.09359
26.3,9508.95312,0.09559
26.4,9525.02441,0.09761
26.5,9540.5166,0.09968
26.6,9556.14844,0.10195
26.7,9573.0957,0.10408
26.8,9589.81641,0.10634
26.9,9605.31445,0.10864
27,9619.66602,0.11085
27.1,9633.88086,0.11328
27.2,9648.61523,0.11588
27.3,9664.00488,0.11841
27.4,9678.64258,0.12089
27.5,9692.75195,0.12335
27.6,9706.29102,0.12578
27.7,9719.48047,0.12855
27.8,9733.17578,0.13123
27.9,9747.09961,0.13412
28,9760.46484,0.13667
28.1,9773.17676,0.13931
28.2,9785.56152,0.142
28.3,9798.11523,0.14486
28.4,9811.46094,0.1476
28.5,9824.27246,0.15041
28.6,9836.82324,0.15314
28.7,9848.09277,0.15593
28.8,9860.28809,0.15877
28.9,9875.37793,0.16166
29,9889.4541,0.16466
29.1,9902.01172,0.16754
29.2,9912.94141,0.17043
29.3,9924.39648,0.17329
29.4,9936.49219,0.17619
29.5,9948.89746,0.17916
29.6,9960.87793,0.1822
29.7,9971.35449,0.185
29.8,9982.08105,0.1879
29.9,9993.15723,0.1909
30,10005.07324,0.19385
30.1,10017.18652,0.19686
30.2,10028.74121,0.19975
30.3,10039.55078,0.20264
30.4,10049.70801,0.20556
30.5,10060.71387,0.20861
30.6,10072.02441,0.21181
30.7,10084.29297,0.21478
30.8,10095.43262,0.21767
30.9,10105.11719,0.22065
31,10115.6875,0.22373
31.1,10126.31738,0.22679
31.2,10138.26758,0.22979
31.3,10148.7334,0.2329
31.4,10158.53418,0.23567
31.5,10168.84668,0.23873
31.6,10179.63672,0.24184
31.7,10190.81934,0.24488
31.8,10201.85449,0.24786
31.9,10212.07422,0.25074
32,10221.48633,0.25369
32.1,10232.30664,0.25679
32.2,10242.96777,0.25998
32.3,10254.0918,0.26292
32.4,10264.25195,0.26601
32.5,10273.36035,0.26909
32.6,10283.08301,0.27212
32.7,10293.3877,0.27517
32.8,10304.21875,0.2783
32.9,10315.1709,0.28136
33,10324.2168,0.2843
33.1,10333.69336,0.28739
33.2,10343.23633,0.29052
33.3,10354.02832,0.29365
33.4,10365.02734,0.29651
33.5,10374.73438,0.29939
33.6,10383.57715,0.30252
33.7,10393.29688,0.30561
33.8,10403.4375,0.30862
33.9,10414.41406,0.31168
34,10424.85156,0.31464
34.1,10433.14453,0.31768
34.2,10442.08203,0.32098
34.3,10451.50293,0.32423
34.4,10462.74121,0.32729
34.5,10472.73047,0.33023
34.6,10482.40918,0.33326
34.7,10490.37109,0.33653
34.8,10499.9209,0.33966
34.9,10509.95703,0.34278
35,10520.6123,0.34575
35.1,10530.60742,0.34883
35.2,10539.10059,0.35196
35.3,10547.91211,0.3551
35.4,10556.55078,0.35822
35.5,10566.98926,0.36122
35.6,10576.79395,0.36418
35.7,10586.05566,0.36751
35.8,10594.0625,0.3707
35.9,10602.83594,0.37378
36,10612.87695,0.38011
36.1,10623.39648,0.38841
36.2,10632.37598,0.39682
36.3,10640.77539,0.40518
36.4,10648.41113,0.41337
36.5,10657.94922,0.42173
36.6,10668.16797,0.43009
36.7,10678.08691,0.4385
36.8,10686.38965,0.44686
36.9,10693.73535,0.45511
37,10703.05469,0.46336
37.1,10712.34766,0.47171
37.2,10722.23047,0.48012
37.3,10730.85352,0.48853
37.4,10738.55371,0.49678
37.5,10746.36133,0.50503
37.6,10755.88574,0.51339
37.7,10765.75977,0.5217
37.8,10775.17188,0.53011
37.9,10783.29492,0.53852
38,10790.70898,0.54682
38.1,10799.1377,0.55507
38.2,10808.26465,0.56337
38.3,10818.48535,0.57173
38.4,10826.83008,0.5802
38.5,10834.07715,0.58855
38.6,10841.5127,0.59675
38.7,10849.83105,0.60511
38.8,10859.44824,0.61341
38.9,10869.03516,0.62182
39,10876.14355,0.63018
39.1,10882.84766,0.63848
39.2,10890.90723,0.64673
39.3,10900.82324,0.65509
39.4,10909.77832,0.66345
39.5,10918.16895,0.67186
39.6,10924.63086,0.68011
39.7,10932.51953,0.68836
39.8,10941.2627,0.69677
39.9,10950.34961,0.70512
40,10958.19922,0.71353
40.1,10965.49609,0.72184
40.2,10972.69727,0.73014
40.3,10980.77637,0.73839
40.4,10989.77148,0.7467
40.5,10998.83496,0.75511
40.6,11006.36426,0.76352
40.7,11012.53516,0.77182
40.8,11020.47754,0.78007
40.9,11028.22754,0.78837
41,11036.97363,0.79673
41.1,11045.17383,0.80514
41.2,11050.76758,0.81355
41.3,11058.05762,0.82175
41.4,11066.18262,0.83011
41.5,11074.19824,0.83841
41.6,11082.16699,0.84677
41.7,11087.72266,0.85523
41.8,11090.68164,0.86353
41.9,11099.54102,0.87173
42,11109.09082,0.88003
42.1,11120.46484,0.88845
42.2,11128.18164,0.89686
42.3,11134.12793,0.90516
42.4,11140.81738,0.91341
42.5,11149.01367,0.92171
42.6,11157.53125,0.93002
42.7,11165.48828,0.93843
42.8,11171.89453,0.94684
42.9,11178.0752,0.95514
43,11185.61426,0.96345
43.1,11193.30078,0.97175
43.2,11201.09473,0.98011
43.3,11207.87695,0.98852
43.4,11214.7002,0.99687
43.5,11220.70117,1.00507
43.6,11228.375,1.01337
43.7,11236.68848,1.02173
43.8,11244.58984,1.03009
43.9,11249.89355,1.03845
44,11256.17383,1.0468
44.1,11263.13965,1.055
44.2,11270.98145,1.06336
44.3,11279.22168,1.07177
44.4,11285.15332,1.08018
44.5,11290.80957,1.08853
44.6,11296.42871,1.09668
44.7,11304.98535,1.10503
44.8,11312.6582,1.11339
44.9,11319.04395,1.12186
45,11324.45996,1.13021
45.1,11329.76172,1.13841
45.2,11336.89355,1.14671
45.3,11344.99512,1.15502
45.4,11351.83105,1.16343
45.5,11357.68359,1.17184
45.6,11363.84473,1.1802
45.7,11369.76562,1.18845
45.8,11376.50293,1.1967
45.9,11384.13281,1.20505
46,11390.85742,1.21346
46.1,11395.46191,1.22187
46.2,11400.69434,1.23012
46.3,11407.12109,1.23837
46.4,11414.43457,1.24673
46.5,11421.28516,1.25509
46.6,11426.79395,1.26355
46.7,11431.43945,1.27186
46.8,11437.63574,1.28
46.9,11445.3125,1.28836
47,11452.09082,1.29677
47.1,11458.05176,1.30518
47.2,11462.39941,1.31348
47.3,11467.75488,1.32173
47.4,11474.22461,1.32998
47.5,11481.65039,1.33839
47.6,11488.12402,1.3468
47.7,11491.64062,1.35521
47.8,11496.86621,1.36346
47.9,11503.68945,1.37171
48,11509.3457,1.38002
48.1,11516.09082,1.38843
48.2,11521.7373,1.39689
48.3,11526.26465,1.4052
48.4,11531.06934,1.41334
48.5,11537.86719,1.42175
48.6,11543.78906,1.43011
48.7,11549.86133,1.43846
48.8,11554.74121,1.44687
48.9,11558.43164,1.45512
49,11564.05371,1.46337
49.1,11571.04297,1.47168
49.2,11577.01562,1.48014
49.3,11581.73926,1.48855
49.4,11585.58496,1.49686
49.5,11590.55273,1.50505
49.6,11596.76855,1.51336
49.7,11602.6748,1.52177
49.8,11608.06445,1.53012
49.9,11612.6543,1.53848
50,11616.69336,1.54673
50.1,11622.80176,1.55503
50.2,11628.76465,1.56334
50.3,11634.27344,1.5718
50.4,11638.47266,1.58021
50.5,11642.55176,1.58852
50.6,11646.8877,1.59671
50.7,11652.7207,1.60507
50.8,11658.0459,1.61343
50.9,11663.90918,1.62184
51,11667.30176,1.63014
51.1,11671.79004,1.63845
51.2,11676.46973,1.64675
51.3,11682.23535,1.65505
51.4,11687.51855,1.66346
51.5,11691.32129,1.67187
51.6,11695.3877,1.68012
51.7,11700.29785,1.68837
51.8,11705.14453,1.69673
51.9,11710.29688,1.70509
52,11714.70996,1.71355
52.1,11717.70898,1.72186
52.2,11721.78125,1.73011
52.3,11726.82031,1.73841
52.4,11732.7002,1.74677
52.5,11736.65234,1.75512
52.6,11740.36133,1.76353
52.7,11743.6875,1.77178
52.8,11748.30664,1.77998
52.9,11753.39746,1.78834
53,11758.83691,1.79675
53.1,11762.50293,1.80516
53.2,11766.33789,1.81346
53.3,11770.3584,1.82171
53.4,11774.08105,1.83002
53.5,11778.76562,1.83843
53.6,11783.24219,1.84678
53.7,11786.66602,1.85519
53.8,11790.0625,1.8635
53.9,11793.74512,1.8717
54,11798.63086,1.88005
54.1,11803.01074,1.88841
54.2,11806.81836,1.89682
54.3,11810.07715,1.90518
54.4,11813.25488,1.91337
54.5,11817.56836,1.92168
54.6,11822.63672,1.93009
54.7,11826.72266,1.9385
54.8,11829.9248,1.94686
54.9,11831.91602,1.95511
55,11836.87402,1.96341
55.1,11840.51074,1.97171
55.2,11845.17188,1.98018
55.3,11847.79688,1.98859
55.4,11850.17871,1.99684
55.5,11853.4834,2.00503
55.6,11858.10352,2.01339
55.7,11861.6748,2.02175
55.8,11865.47852,2.03016
55.9,11869.00781,2.03852
56,11871.08008,2.04677
56.1,11874.90234,2.05507
56.2,11878.80078,2.06343
56.3,11883.0918,2.07178
56.4,11885.58691,2.0802
56.5,11888.19824,2.0885
56.6,11891.61523,2.0967
56.7,11894.87598,2.10505
56.8,11898.82812,2.11341
56.9,11902.74414,2.12187
57,11904.48535,2.13018
57.1,11907.00488,2.13843
57.2,11910.17871,2.14668
57.3,11914.12891,2.15503
57.4,11917.99023,2.16345
57.5,11920.11133,2.17186
57.6,11922.12891,2.18011
57.7,11925.47266,2.18836
57.8,11929.01953,2.19677
57.9,11931.98926,2.20512
58,11935.37988,2.21353
58.1,11937.37012,2.22184
58.2,11939.38184,2.23014
58.3,11941.62305,2.23845
58.4,11944.85254,2.2468
58.5,11948.59375,2.25511
58.6,11951.39746,2.26352
58.7,11953.24707,2.27177
58.8,11956.76172,2.28012
58.9,11958.61621,2.28837
59,11962.13965,2.29673
59.1,11965.35059,2.30514
59.2,11966.75293,2.3135
59.3,11969.22852,2.3217
59.4,11972.06836,2.33005
59.5,11975.41309,2.33846
59.6,11978.24609,2.34682
59.7,11980.09863,2.35523
59.8,11981.44434,2.36348
59.9,11983.68066,2.37168
60,11986.83789,2.38009
60.1,11990.55176,2.38845
60.2,11992.51855,2.39686
60.3,11993.50098,2.40511
60.4,11996.03711,2.41336
60.5,11998.00684,2.42171
60.6,12001.36328,2.43007
60.7,12004.06934,2.43848
60.8,12005.29883,2.44684
60.9,12006.39844,2.45514
61,12008.40234,2.46344
61.1,12010.9375,2.47175
61.2,12013.68848,2.48011
61.3,12015.42383,2.48852
61.4,12017.42285,2.49687
61.5,12018.16406,2.50507
61.6,12020.30469,2.51343
61.7,12023.53516,2.52178
61.8,12026.07617,2.53014
61.9,12027.32422,2.53844
62,12028.56934,2.54675
62.1,12030.14551,2.55505
62.2,12032.76758,2.56341
62.3,12035.44922,2.57177
62.4,12037.1084,2.58018
62.5,12037.99805,2.58848
62.6,12039.2959,2.59673
62.7,12042.07227,2.60509
62.8,12044.05469,2.61339
62.9,12045.93555,2.6218
63,12047.25781,2.63016
63.1,12048.31348,2.63841
63.2,12049.4873,2.64671
63.3,12052.58398,2.65512
63.4,12054.4209,2.66343
63.5,12056.16504,2.67178
63.6,12056.61621,2.68014
63.7,12058.08594,2.68839
63.8,12059.46582,2.69675
63.9,12061.61719,2.70511
64,12064.03906,2.71352
64.1,12064.34863,2.72187
64.2,12064.64062,2.73012
64.3,12066.19727,2.73848
64.4,12068.07812,2.74678
64.5,12070.22656,2.75509
64.6,12071.99316,2.7635
64.7,12071.66895,2.7718
64.8,12071.87891,2.78
64.9,12074.30762,2.78841
65,12076.30371,2.79671
65.1,12078.50684,2.80518
65.2,12078.63672,2.81348
65.3,12078.6582,2.82173
65.4,12080.17188,2.83003
65.5,12082.24609,2.83839
65.6,12085.00684,2.8468
65.7,12084.81152,2.85516
65.8,12084.75293,2.86346
65.9,12086.20508,2.87177
66,12086.79688,2.88007
66.1,12089.49902,2.88837
66.2,12090.91406,2.89678
66.3,12091.05566,2.90514
66.4,12091.5791,2.91339
66.5,12092.17969,2.92175
66.6,12094.5918,2.93005
66.7,12096.47559,2.93841
66.8,12097.40137,2.94682
66.9,12096.15234,2.95512
67,12096.56543,2.96343
67.1,12098.5,2.97178
67.2,12100.71582,2.98014
67.3,12101.24023,2.98855
67.4,12100.62012,2.99686
67.5,12100.9873,3.00511
67.6,12102.14941,3.01341
67.7,12103.80957,3.02177
67.8,12105.83984,3.03018
67.9,12105.20703,3.03848
68,12104.79004,3.04673
68.1,12105.94727,3.05509
68.2,12107.61621,3.06339
68.3,12109.63086,3.07175
68.4,12109.78613,3.08016
68.5,12109.10352,3.08852
68.6,12108.65137,3.09677
68.7,12109.60547,3.10512
68.8,12111.16504,3.11343
68.9,12112.73926,3.12184
69,12112.01367,3.13014
69.1,12112.09473,3.13844
69.2,12112.1377,3.14675
69.3,12113.34375,3.155
69.4,12116.03613,3.16341
69.5,12116.08203,3.17182
69.6,12114.6123,3.18012
69.7,12115.29004,3.18843
69.8,12116.00684,3.19673
69.9,12117.69434,3.20503
70,12118.48633,3.2135
70.1,12117.40625,3.22186
70.2,12116.69434,3.23016
70.3,12116.63379,3.23841
70.4,12118.89941,3.24677
70.5,12119.83691,3.25512
70.6,12119.38086,3.26348
70.7,12118.64062,3.27178
70.8,12118.7168,3.28009
70.9,12119.41602,3.28839
71,12121.10547,3.29675
71.1,12121.2666,3.30516
71.2,12119.81934,3.31352
71.3,12119.81055,3.32177
71.4,12119.36523,3.33007
71.5,12120.85938,3.33843
71.6,12122.22168,3.34678
71.7,12121.54883,3.3552
71.8,12119.77344,3.3635
71.9,12119.57812,3.37169
72,12120.72754,3.38005
72.1,12122.76074,3.38841
72.2,12121.97266,3.39682
72.3,12120.65332,3.40518
72.4,12119.45117,3.41337
72.5,12119.87695,3.42168
72.6,12121.87012,3.43003
72.7,12122.36426,3.43845
72.8,12121.57031,3.44686
72.9,12119.48145,3.45511
73,12120.12109,3.46341
73.1,12120.32715,3.47171
73.2,12121.98047,3.48012
73.3,12121.19824,3.48853
73.4,12119.11426,3.49684
73.5,12118.23438,3.50509
73.6,12118.89648,3.51339
73.7,12119.79492,3.52169
73.8,12119.44141,3.53011
73.9,12118.99902,3.53852
74,12117.89355,3.54687
74.1,12116.88867,3.55507
74.2,12117.85352,3.56337
74.3,12118.0127,3.57173
74.4,12117.41699,3.58019
74.5,12115.23242,3.58855
74.6,12114.24609,3.59675
74.7,12115.01172,3.60505
74.8,12115.10645,3.61341
74.9,12115.35254,3.62187
75,12112.47266,3.63018
75.1,12110.75391,3.63843
75.2,12110.78516,3.64668
75.3,12111.63965,3.65503
75.4,12112.39355,3.66344
75.5,12110.60645,3.67186
75.6,12108.04883,3.68016
75.7,12107.32422,3.68836
75.8,12107.80859,3.69671
75.9,12107.75391,3.70507
76,12106.69434,3.71353
76.1,12104.44238,3.72189
76.2,12102.56738,3.73014
76.3,12101.9248,3.73839
76.4,12101.50195,3.74664
76.5,12101.96191,3.75511
76.6,12100.18066,3.76352
76.7,12097.3916,3.77182
76.8,12097.02148,3.78012
76.9,12095.09961,3.78837
77,12095.67676,3.79673
77.1,12094.69336,3.80514
77.2,12091.50977,3.81355
77.3,12089.71875,3.8218
77.4,12088.67188,3.83005
77.5,12088.15039,3.83841
77.6,12087.07324,3.84682
77.7,12084.74316,3.85523
77.8,12081.66504,3.86348
77.9,12079.95996,3.87173
78,12079.18457,3.88003
78.1,12079.66504,3.88844
78.2,12076.47754,3.89686
78.3,12073.19629,3.90516
78.4,12071.37988,3.91341
78.5,12070.33105,3.92171
78.6,12069.76855,3.93002
78.7,12068.23438,3.93848
78.8,12065.1543,3.94689
78.9,12061.88672,3.95509
79,12060.18066,3.96339
79.1,12058.47852,3.97169
79.2,12057.36914,3.98016
79.3,12053.97461,3.98852
79.4,12051.26855,3.99687
79.5,12048.01367,4.00502
79.6,12046.17969,4.01337
79.7,12045.11523,4.02173
79.8,12043.60938,4.03014
79.9,12039.18848,4.0385
80,12036.01465,4.0468
80.1,12033.55957,4.055
80.2,12031.81836,4.06341
80.3,12029.82324,4.07177
80.4,12026.68164,4.08023
80.5,12022.22559,4.08853
80.6,12019.0625,4.09668
80.7,12017.34961,4.10503
80.8,12015.19629,4.11339
80.9,12012.00586,4.12186
81,12008.14551,4.13021
81.1,12003.91113,4.13841
81.2,12001.5127,4.14666
81.3,12000.1543,4.15507
81.4,11996.43848,4.16343
81.5,11993.35742,4.17184
81.6,11989.32129,4.18014
81.7,11985.78223,4.18839
81.8,11982.93359,4.19675
81.9,11980.55371,4.20511
82,11977.5,4.21352
82.1,11972.39355,4.22187
82.2,11968.22363,4.23007
82.3,11965.48535,4.23837
82.4,11962.43066,4.24673
82.5,11959.69336,4.25514
82.6,11955.46094,4.26355
82.7,11949.62402,4.2718
82.8,11946.44238,4.28
82.9,11943.96875,4.28841
83,11940.76172,4.29677
83.1,11937.3916,4.30523
83.2,11931.76074,4.31348
83.3,11927.32812,4.32173
83.4,11923.59863,4.33003
83.5,11921.5,4.33839
83.6,11917.29883,4.34686
83.7,11912.10254,4.35521
83.8,11907.20996,4.36346
83.9,11903.37891,4.37171
84,11899.36914,4.38002
84.1,11896.47363,4.38843
84.2,11892.7373,4.39689
84.3,11887.31836,4.40519
84.4,11882.87305,4.41339
84.5,11878.5293,4.42175
84.6,11874.63379,4.43011
84.7,11871.0459,4.43846
84.8,11866.24805,4.44687
84.9,11860.72559,4.45512
85,11856.12402,4.46337
85.1,11852.14746,4.47173
85.2,11848.09961,4.48014
85.3,11843.66699,4.48855
85.4,11837.92383,4.4968
85.5,11832.94629,4.50505
85.6,11829.05273,4.51341
85.7,11824.75586,4.52177
85.8,11821.2168,4.53018
85.9,11814.86816,4.53848
86,11809.73242,4.54673
86.1,11805.22559,4.55503
86.2,11800.97852,4.56339
86.3,11796.83496,4.5718
86.4,11791.92676,4.58021
86.5,11785.75879,4.58852
86.6,11780.42871,4.59677
86.7,11775.56543,4.60507
86.8,11771.63672,4.61343
86.9,11766.99805,4.62184
87,11761.39648,4.63019
87.1,11755.375,4.63844
87.2,11749.46191,4.64675
87.3,11745.08984,4.655
87.4,11741.68457,4.66346
87.5,11736.53711,4.67187
87.6,11729.47559,4.68012
87.7,11724.33301,4.68837
87.8,11718.57031,4.69673
87.9,11714.50195,4.70514
88,11710.03223,4.7135
88.1,11703.59863,4.72186
88.2,11697.32227,4.73011
88.3,11691.58594,4.73836
88.4,11687.70312,4.74677
88.5,11682.65039,4.75512
88.6,11676.50781,4.76348
88.7,11670.53418,4.77178
88.8,11664.63965,4.78003
88.9,11659.46484,4.78839
89,11654.93555,4.7968
89.1,11649.73828,4.80511
89.2,11642.61816,4.81346
89.3,11637.11035,4.82171
89.4,11630.87207,4.83007
89.5,11626.10449,4.83848
89.6,11620.99805,4.84684
89.7,11615.04297,4.85519
89.8,11608.0957,4.8635
89.9,11601.79102,4.87175
90,11596.55957,4.88005
90.1,11592.30664,4.88846
90.2,11586.45898,4.89682
90.3,11578.99316,4.90518
90.4,11571.65137,4.91337
90.5,11566.44824,4.92168
90.6,11561.73926,4.93009
90.7,11556.1582,4.9385
90.8,11549.82715,4.94686
90.9,11542.06641,4.95511
91,11535.59082,4.96336
91.1,11530.61328,4.97171
91.2,11525.82617,4.98012
91.3,11519.08398,4.98853
91.4,11511.38867,4.99678
91.5,11504.37012,5.00503
91.6,11498.51074,5.01339
91.7,11493.32129,5.02175
91.8,11488.04785,5.03011
91.9,11481.26953,5.03846
92,11474.26367,5.04682
92.1,11467.19238,5.05507
92.2,11461.83008,5.06343
92.3,11456.26172,5.07178
92.4,11450.01172,5.08014
92.5,11442.63086,5.0885
92.6,11435.10254,5.09675
92.7,11428.33301,5.10505
92.8,11423.55664,5.11346
92.9,11417.48145,5.12182
93,11409.1875,5.13018
93.1,11402.21973,5.13843
93.2,11395.37793,5.14673
93.3,11389.7207,5.15503
93.4,11384.75293,5.16344
93.5,11377.47363,5.17186
93.6,11369.31445,5.18011
93.7,11361.96387,5.18836
93.8,11356.21777,5.19677
93.9,11350.3584,5.20512
94,11343.27246,5.21353
94.1,11335.30176,5.22184
94.2,11327.68945,5.23014
94.3,11320.58691,5.23844
94.4,11314.97949,5.24675
94.5,11309.2373,5.25511
94.6,11302.33301,5.26346
94.7,11293.67383,5.27177
94.8,11286.58398,5.28007
94.9,11279.33789,5.28837
95,11274.0498,5.29668
95.1,11267.98145,5.30514
95.2,11259.02344,5.3135
95.3,11251.45215,5.32175
95.4,11244.49414,5.33005
95.5,11238.88379,5.33846
95.6,11232.26953,5.34682
95.7,11224.82422,5.35518
95.8,11215.52832,5.36348
95.9,11208.28516,5.37178
96,11201.11035,5.38009
96.1,11195.73633,5.38844
96.2,11188.59766,5.3968
96.3,11180.07324,5.40511
96.4,11172.14062,5.41341
96.5,11164.94824,5.42177
96.6,11158.57324,5.43007
96.7,11152.18457,5.43848
96.8,11143.5625,5.44684
96.9,11134.95215,5.45519
97,11127.29883,5.4635
97.1,11119.87305,5.47175
97.2,11113.74707,5.48016
97.3,11105.46582,5.48852
97.4,11097.43359,5.49687
97.5,11088.89648,5.50507
97.6,11081.79297,5.51337
97.7,11075.57227,5.52173
97.8,11069.02148,5.53009
97.9,11059.85156,5.53844
98,11051.07031,5.54675
98.1,11043.49902,5.55505
98.2,11036.66309,5.5633
98.3,11030.41406,5.57176
98.4,11022.16797,5.58018
98.5,11012.52637,5.58853
98.6,11004.09277,5.59673
98.7,10996.88184,5.60509
98.8,10990.75977,5.61339
98.9,10983.12402,5.6218
99,10973.89453,5.63021
99.1,10964.38672,5.63846
99.2,10956.46777,5.64671
99.3,10950.375,5.65507
99.4,10942.78125,5.66343
99.5,10934.84961,5.67184
99.6,10925.70215,5.68019
99.7,10916.43555,5.68844
99.8,10909.18457,5.6968
99.9,10901.5957,5.70511
100,10894.21094,5.71352
100.1,10884.86719,5.72187
100.2,10875.27441,5.73012
100.3,10867.37207,5.73843
100.4,10859.89746,5.74673
100.5,10853.06445,5.75514
100.6,10844.27246,5.76355
100.7,10833.88672,5.7718
100.8,10825.12012,5.78005
100.9,10818.41504,5.78841
101,10811.2373,5.79671
101.1,10802.87598,5.80518
101.2,10793.13477,5.81348
101.3,10783.60449,5.82173
101.4,10775.61719,5.83003
101.5,10769.40527,5.83839
101.6,10761.13379,5.8468
101.7,10750.61719,5.85521
101.8,10740.77539,5.86346
101.9,10732.93457,5.87177
102,10724.5127,5.88002
102.1,10717.81055,5.88843
102.2,10709.05762,5.89684
102.3,10699.3877,5.90519
102.4,10690.07227,5.91344
102.5,10681.13867,5.92175
102.6,10673.44922,5.93005
102.7,10665.71875,5.93846
102.8,10656.23535,5.94687
102.9,10645.77539,5.95518
103,10636.94824,5.96343
103.1,10629.31348,5.97173
103.2,10621.49805,5.98014
103.3,10611.77148,5.98855
103.4,10600.89941,5.99685
103.5,10591.63281,6.00505
103.6,10583.54199,6.01335
103.7,10575.58984,6.02171
103.8,10567.49023,6.03018
103.9,10556.77637,6.03848
104,10547.03223,6.04673
104.1,10538.18262,6.05509
104.2,10529.98828,6.06339
104.3,10521.9375,6.0718
104.4,10511.85742,6.08021
104.5,10501.77344,6.08852
104.6,10491.94824,6.09677
104.7,10483.2793,6.10507
104.8,10475.17871,6.11343
104.9,10466.23828,6.12184
105,10455.76465,6.1302
105.1,10445.77832,6.13844
105.2,10436.05566,6.14669
105.3,10427.96289,6.155
105.4,10420.05664,6.16346
105.5,10409.62109,6.17187
105.6,10398.90332,6.18018
105.7,10389.51855,6.18843
105.8,10380.28223,6.19673
105.9,10371.70996,6.20509
106,10362.66797,6.21355
106.1,10350.71387,6.22185
106.2,10341.21777,6.23016
106.3,10331.64355,6.23841
106.4,10323.69238,6.24671
106.5,10314.22168,6.25512
106.6,10303.38672,6.26353
106.7,10292.88477,6.27184
106.8,10282.76465,6.28009
106.9,10274.12012,6.28834
107,10265.5791,6.29675
107.1,10255.40039,6.30516
107.2,10244.89062,6.31351
107.3,10234.90234,6.32177
107.4,10224.4873,6.33007
107.5,10214.94043,6.33843
107.6,10205.75586,6.34678
107.7,10195.83398,6.35519
107.8,10184.63379,6.36344
107.9,10174.52246,6.37169
108,10164.64453,6.38005
108.1,10155.4082,6.38846
108.2,10144.8584,6.39682
108.3,10134.60059,6.40518
108.4,10123.34766,6.41337
108.5,10114.01172,6.42168
108.6,10105.37695,6.43003
108.7,10095.10352,6.4385
108.8,10084.0127,6.44685
108.9,10072.42383,6.45516
109,10062.12695,6.46341
109.1,10052.87793,6.47171
109.2,10043.82227,6.48012
109.3,10032.91309,6.48859
109.4,10020.67676,6.49684
109.5,10009.74609,6.50509
109.6,9999.96191,6.51339
109.7,9989.89258,6.52175
109.8,9979.9082,6.53016
109.9,9968.97559,6.53857
110,9957.84082,6.54682
110.1,9946.99219,6.55502
110.2,9937.35938,6.56337
110.3,9927.16211,6.57173
110.4,9916.72168,6.58019
110.5,9904.91699,6.58855
110.6,9893.53809,6.59669
110.7,9883.16602,6.60505
110.8,9873.60254,6.61341
110.9,9862.78613,6.62187
111,9850.97168,6.63018
111.1,9838.97559,6.63843
111.2,9828.48535,6.64668
111.3,9818.45508,6.65503
111.4,9808.45508,6.66344
111.5,9796.82031,6.67191
111.6,9784.54785,6.68011
111.7,9773.53613,6.68835
111.8,9763.10254,6.69671
111.9,9753.16309,6.70512
112,9741.84668,6.71359
112.1,9729.84766,6.72184
112.2,9718.25879,6.73014
112.3,9707.07227,6.73839
112.4,9696.69434,6.74675
112.5,9685.61523,6.75516
112.6,9674.47754,6.76352
112.7,9661.93262,6.77177
112.8,9651.0752,6.78002
112.9,9639.61914,6.78837
113,9629.14844,6.79673
113.1,9617.8623,6.80519
113.2,9605.12695,6.81355
113.3,9593.35449,6.82175
113.4,9581.7334,6.83005
113.5,9570.93457,6.83841
113.6,9560.06934,6.84682
113.7,9547.83105,6.85523
113.8,9535.20312,6.86348
113.9,9523.17871,6.87168
114,9512.20996,6.88003
114.1,9502.18848,6.88844
114.2,9489.98828,6.89685
114.3,9477.17969,6.90511
114.4,9465.28223,6.91335
114.5,9453.60645,6.92171
114.6,9442.93457,6.93007
114.7,9431.28125,6.93853
114.8,9418.68164,6.94684
114.9,9405.4873,6.95514
115,9393.73047,6.96344
115.1,9381.70508,6.97175
115.2,9370.44336,6.98016
115.3,9358.48633,6.98851
115.4,9345.99414,6.99682
115.5,9332.84961,7.00507
115.6,9320.87598,7.01337
115.7,9309.72363,7.02178
115.8,9298.34473,7.03019
115.9,9285.1084,7.0385
116,9272.55957,7.0468
116.1,9260.20605,7.05505
116.2,9247.81543,7.06341
116.3,9236.58691,7.07177
116.4,9224.08203,7.08018
116.5,9210.21387,7.08848
116.6,9197.50098,7.09668
116.7,9185.1084,7.10509
116.8,9173.41406,7.11344
116.9,9161.39355,7.12185
117,9147.875,7.13016
117.1,9134.44922,7.13841
117.2,9121.84375,7.14671
117.3,9109.73535,7.15507
117.4,9097.64453,7.16348
117.5,9085.05176,7.17184
117.6,9071.97754,7.18014
117.7,9058.26074,7.18839
117.8,9045.6748,7.19675
117.9,9033.6543,7.2051
118,9020.9541,7.21352
118.1,9007.16992,7.22187
118.2,8993.59668,7.23012
118.3,8980.38477,7.23843
118.4,8967.8877,7.24673
118.5,8955.60352,7.25509
118.6,8942.60449,7.2635
118.7,8927.4375,7.2718
118.8,8914.69043,7.28
118.9,8901.83008,7.28841
119,8889.63867,7.29682
119.1,8876.51074,7.30518
119.2,8862.61719,7.31348
119.3,8848.33887,7.32173
119.4,8835.02148,7.33009
119.5,8822.85254,7.33844
119.6,8809.28223,7.34685
119.7,8795.39746,7.35516
119.8,8781,7.36346
119.9,8767.42676,7.37177
120,8753.44727,7.38007
120.1,8741.29785,7.38843
120.2,8728.16699,7.39684
120.3,8713.5791,7.40514
120.4,8698.60547,7.41339
120.5,8685.62012,7.42175
120.6,8672.0752,7.43005
120.7,8659.30859,7.43846
120.8,8645.29297,7.44682
120.9,8629.68457,7.45512
121,8615.3623,7.46343
121.1,8602.07227,7.47173
121.2,8589,7.48014
121.3,8575.13281,7.48855
121.4,8560.00098,7.4968
121.5,8544.96973,7.50505
121.6,8531.40723,7.51341
121.7,8518.00977,7.52177
121.8,8504.49609,7.53018
121.9,8489.41016,7.53848
122,8474.1582,7.54673
122.1,8459.98633,7.55503
122.2,8446.01562,7.56344
122.3,8432.49512,7.5718
122.4,8418.03613,7.58021
122.5,8402.05078,7.58852
122.6,8386.95215,7.59676
122.7,8372.49609,7.60512
122.8,8359.14355,7.61348
122.9,8344.46973,7.62184
123,8329.40918,7.63014
123.1,8313.94434,7.6385
123.2,8298.45312,7.64675
123.3,8284.47266,7.65505
123.4,8270.9082,7.66341
123.5,8255.86914,7.67187
123.6,8240.01562,7.68012
123.7,8224.78516,7.68837
123.8,8209.54297,7.69673
123.9,8195.72168,7.70509
124,8181.39014,7.7135
124.1,8164.50098,7.7218
124.2,8148.99707,7.73016
124.3,8133.2417,7.73835
124.4,8119.61523,7.74677
124.5,8104.5,7.75512
124.6,8088.9292,7.76348
124.7,8072.90479,7.77178
124.8,8056.55469,7.78009
124.9,8041.90381,7.78839
125,8027.93848,7.7968
125.1,8012.13672,7.80516
125.2,7996.09766,7.81346
125.3,7979.39209,7.82177
125.4,7963.74121,7.83012
125.5,7948.44287,7.83843
125.6,7934.24316,7.84678
125.7,7917.74512,7.85525
125.8,7900.20605,7.8635
125.9,7884.29248,7.87175
126,7868.68408,7.88011
126.1,7853.99512,7.88846
126.2,7838.0083,7.89682
126.3,7821.00586,7.90518
126.4,7803.77783,7.91343
126.5,7787.91895,7.92173
126.6,7773.21094,7.93009
126.7,7757.05762,7.93844
126.8,7740.45459,7.94685
126.9,7722.71826,7.9551
127,7706.16162,7.96341
127.1,7690.14258,7.97171
127.2,7675.02588,7.98007
127.3,7658.19287,7.98853
127.4,7640.604,7.99678
127.5,7623.34131,8.00509
127.6,7606.271,8.01344
127.7,7590.61914,8.02169
127.8,7574.88721,8.0301
127.9,7557.72656,8.03846
128,7539.71924,8.04682
128.10001,7522.75781,8.05512
128.2,7505.85156,8.06343
128.3,7489.79785,8.07178
128.39999,7473.17432,8.08019
128.5,7454.55371,8.08855
128.60001,7436.10059,8.09675
128.7,7419.17969,8.1051
128.8,7403.20557,8.11341
128.89999,7386.33984,8.12182
129,7367.28711,8.13018
129.10001,7348.54199,8.13843
129.2,7330.87793,8.14673
129.3,7314.71631,8.15503
129.39999,7297.52051,8.16344
129.5,7279.81055,8.17185
129.60001,7260.50488,8.1801
129.7,7242.11279,8.18835
129.8,7224.75488,8.19671
129.89999,7207.88623,8.20507
130,7189.86084,8.21353
130.10001,7170.8042,8.22184
130.2,7151.34033,8.23019
130.3,7132.73242,8.23839
130.39999,7116.0166,8.24675
130.5,7098.07324,8.2551
130.60001,7079.58643,8.26352
130.7,7059.14502,8.27182
130.8,7041.12158,8.28007
130.89999,7021.36719,8.28837
131,7003.62891,8.29668
131.10001,6985.16504,8.30514
131.2,6964.60596,8.31355
131.3,6943.49365,8.32175
131.39999,6922.91064,8.3301
131.5,6901.79688,8.33841
131.60001,6879.76611,8.34682
131.7,6850.66406,8.35523
131.8,6785.31201,8.36353
131.89999,6309.48584,8.37189
132,5899.48535,8.38014
132.10001,5606.58936,8.38855
132.2,5305.30371,8.39691
132.3,4989.75439,8.40521
132.388,2849.62891,8.41325
